1.e-12,1.0265982254678560574e-13
0.010000000001,0.0010208338765156041781
0.020000000001,0.0020301801182356052903
0.030000000001,0.0030281003184064563349
0.040000000001,0.0040146560657726240069
0.050000000001,0.004989908942480155527
0.060000000001,0.0059539205218782698258
0.070000000001,0.0069067523663218607709
0.080000000001,0.0078484660249751401307
0.090000000001,0.0087791230316166477628
0.100000000001,0.0096987849024458562593
0.110000000001,0.010607513133891596992
0.120000000001,0.011505369200422534165
0.130000000001,0.012392414552359913096
0.140000000001,0.013268710613692808554
0.150000000001,0.014134318779896098489
0.160000000001,0.014989300415751388018
0.170000000001,0.015833716853171107966
0.180000000001,0.016667629389026011707
0.190000000001,0.017491099282976293388
0.200000000001,0.018304187755306549997
0.210000000001,0.019106955984764808999
0.220000000001,0.019899465106405842531
0.230000000001,0.020681776209438988378
0.240000000001,0.021453950335080697093
0.250000000001,0.0222160484744120238
0.260000000001,0.022968131566241282283
0.270000000001,0.02371026049497207804
0.280000000001,0.024442496088476935999
0.290000000001,0.025164899115976737568
0.300000000001,0.025877530285926180629
0.310000000001,0.026580450243905475014
0.320000000001,0.02727371957051848483
0.330000000001,0.027957398779297527868
0.340000000001,0.028631548314615041097
0.350000000001,0.02929622854960232001
0.360000000001,0.029951499784075538314
0.370000000001,0.030597422242469253121
0.380000000001,0.031234056071777599473
0.390000000001,0.031861461339503376617
0.400000000001,0.032479698031615227044
0.410000000001,0.033088826050513107849
0.420000000001,0.033688905213002252462
0.430000000001,0.034279995248275819298
0.440000000001,0.034862155795906422298
0.450000000001,0.035435446403846736755
0.460000000001,0.035999926526439372189
0.470000000001,0.036555655522436202389
0.480000000001,0.03710269265302734104
0.490000000001,0.037641097079879949652
0.500000000001,0.038170927863187062757
0.510000000001,0.038692243959726613544
0.520000000001,0.039205104220930841324
0.530000000001,0.039709567390966260364
0.540000000001,0.04020569210482436776
0.550000000001,0.040693536886423266138
0.560000000001,0.04117316014672037505
0.570000000001,0.041644620181836402967
0.580000000001,0.04210797517119074983
0.590000000001,0.042563283175648508078
0.600000000001,0.043010602135679228087
0.610000000001,0.043449989869527611876
0.620000000001,0.043881504071396296862
0.630000000001,0.044305202309640889375
0.640000000001,0.044721142024977405473
0.650000000001,0.045129380528702274502
0.660000000001,0.045529975000925058646
0.670000000001,0.045922982488814039526
0.680000000001,0.046308459904854820724
0.690000000001,0.046686464025122092826
0.700000000001,0.047057051487564705391
0.710000000001,0.04742027879030418792
0.720000000001,0.047776202289946859657
0.730000000001,0.048124878199909665728
0.740000000001,0.048466362588759874793
0.750000000001,0.048800711378568771056
0.760000000001,0.049127980343279471121
0.770000000001,0.049448225107088993793
0.780000000001,0.049761501142844708552
0.790000000001,0.050067863770455286007
0.800000000001,0.050367368155316271244
0.810000000001,0.050660069306750398507
0.820000000001,0.050946022076462763268
0.830000000001,0.051225281157010965222
0.840000000001,0.051497901080290333324
0.850000000001,0.051763936216034341478
0.860000000001,0.052023440770330321011
0.870000000001,0.052276468784150573566
0.880000000001,0.052523074131898985523
0.890000000001,0.052763310519973242571
0.900000000001,0.052997231485342740494
0.910000000001,0.053224890394142285739
0.920000000001,0.05344634044028167675
0.930000000001,0.053661634644071254554
0.940000000001,0.053870825850863508498
0.950000000001,0.054073966729710820507
0.960000000001,0.054271109772039428644
0.970000000001,0.054462307290339688219
0.980000000001,0.054647611416872706108
0.990000000001,0.054827074102393421382
1.000000000001,0.055000747114890202762
1.010000000001,0.055168682038341030873
1.020000000001,0.055330930271486330647
1.030000000001,0.055487543026618516707
1.040000000001,0.055638571328388311952
1.050000000001,0.05578406601262789699
1.060000000001,0.055924077725190945535
1.070000000001,0.056058656920809598257
1.080000000001,0.056187853861968425057
1.090000000001,0.056311718617795423147
1.100000000001,0.056430301062970095768
1.110000000001,0.056543650876648653814
1.120000000001,0.056651817541406380102
1.130000000001,0.056754850342197193449
1.140000000001,0.056852798365330447204
1.150000000001,0.056945710497464994348
1.160000000001,0.057033635424620548739
1.170000000001,0.057116621631206369569
1.180000000001,0.057194717399067293584
1.190000000001,0.057267970806547137131
1.200000000001,0.057336429727569487583
1.210000000001,0.057400141830735901227
1.220000000001,0.05745915457844152222
1.230000000001,0.057513515226008134768
1.240000000001,0.057563270820834658198
1.250000000001,0.057608468201565092206
1.260000000001,0.057649153997273917095
1.270000000001,0.057685374626668951412
1.280000000001,0.05771717629731166701
1.290000000001,0.057744605004854959138
1.300000000001,0.057767706532298366831
1.310000000001,0.057786526449260736465
1.320000000001,0.057801110111270319038
1.330000000001,0.057811502659072289375
1.340000000001,0.057817749017953673166
1.350000000001,0.057819893897085665426
1.360000000001,0.0578179817888833217
1.370000000001,0.057812056968382601057
1.380000000001,0.057802163492634737681
1.390000000001,0.057788345200117915621
1.400000000001,0.05777064571016621907
1.410000000001,0.057749108422415828322
1.420000000001,0.057723776516268429405
1.430000000001,0.05769469295037180321
1.440000000001,0.057661900462117557815
1.450000000001,0.057625441567155965577
1.460000000001,0.057585358558927864459
1.470000000001,0.057541693508213581004
1.480000000001,0.057494488262698830285
1.490000000001,0.057443784446557546139
1.500000000001,0.057389623460051592979
1.510000000001,0.057332046479147308478
1.520000000001,0.057271094455148824443
1.530000000001,0.05720680811434811127
1.540000000001,0.057139227957691689413
1.550000000001,0.057068394260463949424
1.560000000001,0.056994347071987020218
1.570000000001,0.056917126215337123375
1.580000000001,0.056836771287077349437
1.590000000001,0.056753321657006790379
1.600000000001,0.056666816467925960596
1.610000000001,0.056577294635418437043
1.620000000001,0.05648479484764864737
1.630000000001,0.056389355565175733227
1.640000000001,0.056291015020783414174
1.650000000001,0.056189811219325776026
1.660000000001,0.056085781937588905758
1.670000000001,0.05597896472416829353
1.680000000001,0.055869396899361920771
1.690000000001,0.055757115555078951711
1.700000000001,0.05564215755476394421
1.710000000001,0.055524559533336494205
1.720000000001,0.055404357897146226626
1.730000000001,0.055281588823943044165
1.740000000001,0.055156288262862543834
1.750000000001,0.055028491934426509851
1.760000000001,0.054898235330558390013
1.770000000001,0.054765553714613661329
1.780000000001,0.054630482121424989405
1.790000000001,0.054493055357362084709
1.800000000001,0.054353308000406157611
1.810000000001,0.054211274400238872829
1.820000000001,0.054066988678345702665
1.830000000001,0.053920484728133577251
1.840000000001,0.053771796215062728834
1.850000000001,0.053620956576792625972
1.860000000001,0.053467999023341892425
1.870000000001,0.053312956537262104408
1.880000000001,0.053155861873825358815
1.890000000001,0.052996747561225503985
1.900000000001,0.052835645900792923571
1.910000000001,0.052672588967222763092
1.920000000001,0.052507608608816487757
1.930000000001,0.052340736447736659287
1.940000000001,0.052172003880274818464
1.950000000001,0.052001442077132359345
1.960000000001,0.051829081983714280161
1.970000000001,0.051654954320435695132
1.980000000001,0.051479089583040990613
1.990000000001,0.051301518042935508218
2.000000000001,0.051122269747529636822
2.010000000001,0.050941374520595194614
2.020000000001,0.050758861962633981684
2.030000000001,0.05057476145125838296
2.040000000001,0.050389102141583900661
2.050000000001,0.050201912966633494808
2.060000000001,0.050013222637753609772
2.070000000001,0.049823059645041764236
2.080000000001,0.049631452257785581414
2.090000000001,0.049438428524913135892
2.100000000001,0.049244016275454492893
2.110000000001,0.049048243119014315384
2.120000000001,0.048851136446255413932
2.130000000001,0.048652723429393113839
2.140000000001,0.048453031022700313691
2.150000000001,0.048252085963023109071
2.160000000001,0.048049914770306854854
2.170000000001,0.047846543748132539187
2.180000000001,0.047641998984263341956
2.190000000001,0.047436306351201250266
2.200000000001,0.047229491506753603218
2.210000000001,0.047021579894609438044
2.220000000001,0.04681259674492550945
2.230000000001,0.046602567074921853857
2.240000000001,0.046391515689486770045
2.250000000001,0.046179467181791087599
2.260000000001,0.045966445933911594434
2.270000000001,0.045752476117463494589
2.280000000001,0.045537581694241767403
2.290000000001,0.045321786416871299163
2.300000000001,0.045105113829465658273
2.310000000001,0.044887587268294384993
2.320000000001,0.044669229862458666823
2.330000000001,0.044450064534575270645
2.340000000001,0.044230114001468602793
2.350000000001,0.044009400774870768297
2.360000000001,0.043787947162129500678
2.370000000001,0.043565775266923833738
2.380000000001,0.043342906989987386993
2.390000000001,0.043119364029839136508
2.400000000001,0.042895167883521543098
2.410000000001,0.042670339847345910052
2.420000000001,0.04244490101764484276
2.430000000001,0.042218872291531682837
2.440000000001,0.041992274367666789638
2.450000000001,0.041765127747030542273
2.460000000001,0.04153745273370293557
2.470000000001,0.041309269435649643722
2.480000000001,0.041080597765514425674
2.490000000001,0.040851457441417746655
2.500000000001,0.040621867987761490633
2.510000000001,0.04039184873603963881
2.520000000001,0.04016141882565478972
2.530000000001,0.03993059720474039684
2.540000000001,0.039699402630988600102
2.550000000001,0.039467853672483528096
2.560000000001,0.039235968708539948232
2.570000000001,0.039003765930547142587
2.580000000001,0.038771263342817887646
2.590000000001,0.038538478763442416652
2.600000000001,0.0383054298251472438
2.610000000001,0.038072133976158730004
2.620000000001,0.037838608481071270561
2.630000000001,0.037604870421719985529
2.640000000001,0.037370936698057794257
2.650000000001,0.037136824029036756054
2.660000000001,0.036902548953493559579
2.670000000001,0.036668127831039044157
2.680000000001,0.036433576842951636821
2.690000000001,0.036198911993074589538
2.700000000001,0.035964149108716901672
2.710000000001,0.035729303841557813448
2.720000000001,0.035494391668554756793
2.730000000001,0.035259427892854650636
2.740000000001,0.035024427644708428415
2.750000000001,0.034789405882388686256
2.760000000001,0.03455437739311034096
2.770000000001,0.034319356793954187687
2.780000000001,0.034084358532793247924
2.790000000001,0.033849396889221799068
2.800000000001,0.0336144859754869777
2.810000000001,0.033379639737422849362
2.820000000001,0.033144871955386838438
2.830000000001,0.032910196245198412479
2.840000000001,0.032675626059079916106
2.850000000001,0.032441174686599450398
2.860000000001,0.032206855255615694484
2.870000000001,0.031972680733224566823
2.880000000001,0.031738663926707624502
2.890000000001,0.031504817484482099661
2.900000000001,0.031271153897052472994
2.910000000001,0.031037685497963485096
2.920000000001,0.030804424464754487253
2.930000000001,0.030571382819915034115
2.940000000001,0.030338572431841621536
2.950000000001,0.030106005015795473713
2.960000000001,0.029873692134861284605
2.970000000001,0.029641645200906819479
2.980000000001,0.029409875475543283297
2.990000000001,0.029178394071086363512
3.000000000001,0.028947211951517855727
3.010000000001,0.028716339933447781549
3.020000000001,0.02848578868707690883
3.030000000001,0.028255568737159585408
3.040000000001,0.028025690463966798301
3.050000000001,0.027796164104249371255
3.060000000001,0.027566999752201214376
3.070000000001,0.027338207360422540539
3.080000000001,0.027109796740882964106
3.090000000001,0.026881777565884398438
3.100000000001,0.026654159369023669554
3.110000000001,0.026426951546154764205
3.120000000001,0.026200163356350631556
3.130000000001,0.025973803922864458556
3.140000000001,0.025747882234090339996
3.150000000001,0.025522407144523265165
3.160000000001,0.025297387375718343941
3.170000000001,0.025072831517249196031
3.180000000001,0.024848748027665428046
3.190000000001,0.024625145235449123947
3.200000000001,0.024402031339970275369
3.210000000001,0.024179414412441079213
3.220000000001,0.023957302396869030818
3.230000000001,0.023735703111008741956
3.240000000001,0.02351462424731241378
3.250000000001,0.023294073373878895793
3.260000000001,0.023074057935401262821
3.270000000001,0.022854585254112842853
3.280000000001,0.022635662530731629574
3.290000000001,0.022417296845403014284
3.300000000001,0.022199495158640772826
3.310000000001,0.021982264312266244055
3.320000000001,0.021765611030345637278
3.330000000001,0.021549541920125407007
3.340000000001,0.02133406347296563426
3.350000000001,0.02111918206527135457
3.360000000001,0.020904903959421773718
3.370000000001,0.020691235304697313157
3.380000000001,0.020478182138204427929
3.390000000001,0.020265750385798140827
3.400000000001,0.020053945863002237396
3.410000000001,0.019842774275927067279
3.420000000001,0.019632241222184898284
3.430000000001,0.019422352191802770436
3.440000000001,0.019213112568132798166
3.450000000001,0.019004527628759869614
3.460000000001,0.01879660254640669297
3.470000000001,0.018589342389836140572
3.480000000001,0.018382752124750842379
3.490000000001,0.018176836614689981303
3.500000000001,0.017971600621923243706
3.510000000001,0.017767048808341879259
3.520000000001,0.017563185736346825174
3.530000000001,0.017360015869733850684
3.540000000001,0.017157543574575678483
3.550000000001,0.016955773120101040663
3.560000000001,0.01675470867957062752
3.570000000001,0.016554354331149888436
3.580000000001,0.016354714058778644853
3.590000000001,0.016155791753037476178
3.600000000001,0.015957591212010840267
3.610000000001,0.015760116142146890947
3.620000000001,0.01556337015911395584
3.630000000001,0.015367356788653638532
3.640000000001,0.01517207946743050996
3.650000000001,0.014977541543878354623
3.660000000001,0.014783746279042938065
3.670000000001,0.014590696847421262811
3.680000000001,0.01439839633779728072
3.690000000001,0.014206847754074030503
3.700000000001,0.014016054016102169886
3.710000000001,0.013826017960504872679
3.720000000001,0.013636742341499061739
3.730000000001,0.013448229831712949592
3.740000000001,0.013260483022999859168
3.750000000001,0.013073504427248297893
3.760000000001,0.01288729647718825906
3.770000000001,0.01270186152719372516
3.780000000001,0.012517201854081348539
3.790000000001,0.012333319657905285487
3.800000000001,0.012150217062748160533
3.810000000001,0.011967896117508138466
3.820000000001,0.011786358796682082235
3.830000000001,0.011605607001144775624
3.840000000001,0.011425642558924190242
3.850000000001,0.01124646722597277705
3.860000000001,0.011068082686934763326
3.870000000001,0.010890490555909436612
3.880000000001,0.010713692377210397865
3.890000000001,0.010537689626120766662
3.900000000001,0.010362483709644321965
3.910000000001,0.010188075967252562586
3.920000000001,0.010014467671627672125
3.930000000001,0.0098416600294013737742
3.940000000001,0.0096696541818896609989
3.950000000001,0.0094984512058233907315
3.960000000001,0.0093280521140747262988
3.970000000001,0.0091584578563794179209
3.980000000001,0.0089896693200549092046
3.990000000001,0.008821687330714258643
4.000000000001,0.0086545126529758657133
4.010000000001,0.0084881459911689917392
4.020000000001,0.0083225879900350662525
4.030000000001,0.0081578392354247701505
4.040000000001,0.0079939002549908874996
4.050000000001,0.0078307715188769183856
4.060000000001,0.0076684534404014457547
4.070000000001,0.0075069463767382497229
4.080000000001,0.0073462506295921633643
4.090000000001,0.00718636644587066451
4.100000000001,0.0070272940183511986093
4.110000000001,0.006869033486344228213
4.120000000001,0.0067115849363520051456
4.130000000001,0.0065549484027230619307
4.140000000001,0.0063991238683024195263
4.150000000001,0.0062441112650775089121
4.160000000001,0.0060899104748198045514
4.170000000001,0.0059365213297221682234
4.180000000001,0.0057839436130319021875
4.190000000001,0.0056321770596795111052
4.200000000001,0.0054812213569031725964
4.210000000001,0.0053310761448689167581
4.220000000001,0.0051817410172865154149
4.230000000001,0.0050332155220210823081
4.240000000001,0.0048854991617003858572
4.250000000001,0.0047385913943178765568
4.260000000001,0.0045924916338314314858
4.270000000001,0.0044471992507578188185
4.280000000001,0.0043027135727628856359
4.290000000001,0.0041590338852474727309
4.300000000001,0.0040161594319290604998
4.310000000001,0.0038740894154191503966
4.320000000001,0.0037328229977963868119
4.330000000001,0.0035923593011754246118
4.340000000001,0.0034526974082715479446
4.350000000001,0.0033138363629610462856
4.360000000001,0.003175775170837354052
4.370000000001,0.0030385127997629604689
4.380000000001,0.0029020481804170967183
4.390000000001,0.0027663802068392077419
4.400000000001,0.0026315077369682164062
4.410000000001,0.0024974295931775880658
4.420000000001,0.0023641445628062038894
4.430000000001,0.0022316513986850516282
4.440000000001,0.0020999488196597428214
4.450000000001,0.0019690355111088657411
4.460000000001,0.0018389101254581836827
4.470000000001,0.0017095712826906885003
4.480000000001,0.0015810175708525195827
4.490000000001,0.0014532475465547587475
4.500000000001,0.0013262597354711118156
4.510000000001,0.0012000526328314878996
4.520000000001,0.0010746247039114877148
4.530000000001,0.00094997438451781248175
4.540000000001,0.00082610008146960525311
4.550000000001,0.00070300017307573674936
4.560000000001,0.00058067300960804803967
4.570000000001,0.00045911691377056264759
4.580000000001,0.00033833018116468090097
4.590000000001,0.00021831108075036958052
4.600000000001,0.000099057855303360150389
4.610000000001,-0.000019431278131630920622
4.620000000001,-0.00013715812779164601911
4.630000000001,-0.00025412452675018048507
4.640000000001,-0.00037033233247581279448
4.650000000001,-0.00048578342639475646734
4.660000000001,-0.00060047971345731914162
4.670000000001,-0.0007144231217082540571
4.680000000001,-0.00082761560186098900175
4.690000000001,-0.00094005912687571758634
4.700000000001,-0.0010517556915413375305
4.710000000001,-0.0011627073120612204658
4.720000000001,-0.0012729160256427975868
4.730000000001,-0.0013823838900909453149
4.740000000001,-0.0014911129834051549701
4.750000000001,-0.0015991054033804702916
4.760000000001,-0.0017063632672121764863
4.770000000001,-0.0018128887111042243361
4.780000000001,-0.0019186838898813727459
4.790000000001,-0.0020237509766050329711
4.800000000001,-0.0021280921621927976224
4.810000000001,-0.0022317096550416374135
4.820000000001,-0.0023346056806547484825
4.830000000001,-0.0024367824812720329924
4.840000000001,-0.0025382423155041955927
4.850000000001,-0.0026389874579704382038
4.860000000001,-0.0027390201989397354699
4.870000000001,-0.0028383428439756731158
4.880000000001,-0.0029369577135848313329
4.890000000001,-0.0030348671428686952177
4.900000000001,-0.0031320734811790741809
4.910000000001,-0.0032285790917770121555
4.920000000001,-0.0033243863514951703298
4.930000000001,-0.0034194976504036640492
4.940000000001,-0.003513915391479335439
4.950000000001,-0.0036076419902784432201
4.960000000001,-0.0037006798746127511086
4.970000000001,-0.0037930314842289961148
4.980000000001,-0.003884699270491717984
4.990000000001,-0.0039756856960694309519
5.000000000001,-0.0040659932346241189216
5.010000000001,-0.0041556243705040351043
5.020000000001,-0.0042445815984397871096
5.030000000001,-0.0043328674232436884097
5.040000000001,-0.0044204843595123570519
5.050000000001,-0.004507434931332542442
5.060000000001,-0.0045937216719901609722
5.070000000001,-0.0046793471236825212249
5.080000000001,-0.00476431383723371944
5.090000000001,-0.0048486243718131858948
5.100000000001,-0.0049322812946573628109
5.110000000001,-0.0050152871807944943682
5.120000000001,-0.0050976446127725093745
5.130000000001,-0.0051793561803899771147
5.140000000001,-0.0052604244804301168748
5.150000000001,-0.0053408521163978416174
5.160000000001,-0.005420641698259816261
5.170000000001,-0.0054997958421875110037
5.180000000001,-0.0055783171703032301115
5.190000000001,-0.0056562083104290965848
5.200000000001,-0.0057334718958389731015
5.210000000001,-0.0058101105650132996332
5.220000000001,-0.005886126961396828121
5.230000000001,-0.0059615237331592345997
5.240000000001,-0.0060363035329585891542
5.250000000001,-0.0061104690177076640982
5.260000000001,-0.0061840228483430607658
5.270000000001,-0.0062569676895971353168
5.280000000001,-0.0063293062097727039613
5.290000000001,-0.0064010410805205080229
5.300000000001,-0.0064721749766194192714
5.310000000001,-0.0065427105757593659702
5.320000000001,-0.0066126505583269601023
5.330000000001,-0.0066819976071938062556
5.340000000001,-0.0067507544075074726707
5.350000000001,-0.006818923646485104976
5.360000000001,-0.0068865080132096631609
5.370000000001,-0.0069535101984287623621
5.380000000001,-0.00701993289435609807
5.390000000001,-0.0070857787944754363875
5.400000000001,-0.0071510505933471500096
5.410000000001,-0.0072157509864172806245
5.420000000001,-0.0072798826698291084698
5.430000000001,-0.0073434483402372098184
5.440000000001,-0.0074064506946239832035
5.450000000001,-0.0074688924301186252354
5.460000000001,-0.0075307762438185369015
5.470000000001,-0.0075921048326131412863
5.480000000001,-0.0076528808930100936923
5.490000000001,-0.0077131071209638651885
5.500000000001,-0.0077727862117066806613
5.510000000001,-0.0078319208595817924914
5.520000000001,-0.0078905137578790710304
5.530000000001,-0.0079485675986728931042
5.540000000001,-0.0080060850726623098204
5.550000000001,-0.0080630688690134750149
5.560000000001,-0.0081195216752043157248
5.570000000001,-0.0081754461768714261355
5.580000000001,-0.0082308450576591665041
5.590000000001,-0.0082857209990709486247
5.600000000001,-0.0083400766803226894564
5.610000000001,-0.008393914778198414602
5.620000000001,-0.0084472379669079933844
5.630000000001,-0.0085000489179469873318
5.640000000001,-0.0085523502999585939496
5.650000000001,-0.0086041447785976677202
5.660000000001,-0.008655435016396800341
5.670000000001,-0.0087062236726344422768
5.680000000001,-0.0087565134032050477728
5.690000000001,-0.0088063068604912255435
5.700000000001,-0.0088556066932378774243
5.710000000001,-0.0089044155464283073418
5.720000000001,-0.0089527360611622830345
5.730000000001,-0.0090005708745360330253
5.740000000001,-0.0090479226195241614238
5.750000000001,-0.0090947939248634632094
5.760000000001,-0.0091411874149386227231
5.770000000001,-0.0091871057096697781705
5.780000000001,-0.0092325514244019350171
5.790000000001,-0.0092775271697962112336
5.800000000001,-0.0093220355517228974275
5.810000000001,-0.0093660791711563149767
5.820000000001,-0.0094096606240714553591
5.830000000001,-0.0094527825013423839549
5.840000000001,-0.0094954473886423916757
5.850000000001,-0.0095376578663458778595
5.860000000001,-0.0095794165094319479491
5.870000000001,-0.0096207258873897095576
5.880000000001,-0.0096615885641252506039
5.890000000001,-0.0097020070978702832875
5.900000000001,-0.0097419840410924377547
5.910000000001,-0.0097815219404071893917
5.920000000001,-0.0098206233364914037677
5.930000000001,-0.0098592907639984833324
5.940000000001,-0.009897526751475100063
5.950000000001,-0.0099353338212794983359
5.960000000001,-0.0099727144895013523908
5.970000000001,-0.010009671265883162836
5.980000000001,-0.010046206653743176736
5.990000000001,-0.010082323149899815905
6.000000000001,-0.010118023244597598123
6.010000000001,-0.010153309421434536074
6.020000000001,-0.010188184157290998892
6.030000000001,-0.010222649922260021309
6.040000000001,-0.010256709179579045446
6.050000000001,-0.010290364385563080437
6.060000000001,-0.010323617989539265093
6.070000000001,-0.010356472433782818976
6.080000000001,-0.010388930153454367286
6.090000000001,-0.01042099357653862508
6.100000000001,-0.01045266512378442643
6.110000000001,-0.010483947208646084212
6.120000000001,-0.010514842237226066308
6.130000000001,-0.010545352608218974098
6.140000000001,-0.010575480712856809208
6.150000000001,-0.010605228934855514564
6.160000000001,-0.010634599650362775902
6.170000000001,-0.010663595227907069966
6.180000000001,-0.010692218028347945725
6.190000000001,-0.010720470404827525027
6.200000000001,-0.010748354702723209188
6.210000000001,-0.010775873259601578132
6.220000000001,-0.010803028405173468748
6.230000000001,-0.01082982246125021927
6.240000000001,-0.010856257741701066531
6.250000000001,-0.010882336552411683057
6.260000000001,-0.010908061191243841058
6.270000000001,-0.010933433947996190455
6.280000000001,-0.010958457104366138171
6.290000000001,-0.010983132933912816014
6.300000000001,-0.011007463702021124569
6.310000000001,-0.011031451665866840592
6.320000000001,-0.011055099074382775503
6.330000000001,-0.011078408168225972674
6.340000000001,-0.01110138117974593126
6.350000000001,-0.011124020332953844465
6.360000000001,-0.011146327843492840166
6.370000000001,-0.011168305918609211969
6.380000000001,-0.011189956757124628793
6.390000000001,-0.011211282549409311235
6.400000000001,-0.011232285477356163001
6.410000000001,-0.011252967714355845816
6.420000000001,-0.01127333142527278629
6.430000000001,-0.011293378766422103321
6.440000000001,-0.011313111885547444694
6.450000000001,-0.011332532921799721632
6.460000000001,-0.011351644005716730125
6.470000000001,-0.011370447259203647987
6.480000000001,-0.011388944795514396622
6.490000000001,-0.011407138719233856633
6.500000000001,-0.011425031126260926433
6.510000000001,-0.011442624103792413152
6.520000000001,-0.011459919730307745185
6.530000000001,-0.011476920075554495839
6.540000000001,-0.011493627200534707606
6.550000000001,-0.011510043157492006667
6.560000000001,-0.011526169989899497361
6.570000000001,-0.011542009732448426365
6.580000000001,-0.011557564411037606494
6.590000000001,-0.011572836042763590051
6.600000000001,-0.011587826635911581782
6.610000000001,-0.011602538189947081554
6.620000000001,-0.011616972695508246964
6.630000000001,-0.011631132134398966167
6.640000000001,-0.011645018479582631305
6.650000000001,-0.011658633695176602977
6.660000000001,-0.011671979736447356305
6.670000000001,-0.011685058549806299202
6.680000000001,-0.011697872072806253546
6.690000000001,-0.011710422234138590048
6.700000000001,-0.01172271095363100767
6.710000000001,-0.011734740142245948535
6.720000000001,-0.011746511702079639357
6.730000000001,-0.011758027526361750492
6.740000000001,-0.011769289499455663789
6.750000000001,-0.011780299496859340505
6.760000000001,-0.011791059385206780622
6.770000000001,-0.011801571022270064985
6.780000000001,-0.011811836256961971755
6.790000000001,-0.01182185692933915875
6.800000000001,-0.011831634870605903325
6.810000000001,-0.01184117190311839152
6.820000000001,-0.011850469840389548269
6.830000000001,-0.011859530487094400567
6.840000000001,-0.011868355639075965532
6.850000000001,-0.011876947083351655398
6.860000000001,-0.011885306598120191553
6.870000000001,-0.011893435952769019779
6.880000000001,-0.011901336907882218973
6.890000000001,-0.011909011215248895656
6.900000000001,-0.011916460617872056677
6.910000000001,-0.011923686849977952585
6.920000000001,-0.011930691637025884211
6.930000000001,-0.011937476695718465081
6.940000000001,-0.01194404373401233234
6.950000000001,-0.011950394451129298961
6.960000000001,-0.011956530537567940054
6.970000000001,-0.011962453675115606179
6.980000000001,-0.011968165536860856649
6.990000000001,-0.011973667787206305835
7.000000000001,-0.011978962081881875609
7.010000000001,-0.011984050067958447087
7.020000000001,-0.011988933383861904926
7.030000000001,-0.011993613659387567475
7.040000000001,-0.01199809251571499619
7.050000000001,-0.012002371565423177723
7.060000000001,-0.012006452412506072239
7.070000000001,-0.012010336652388521509
7.080000000001,-0.012014025871942510449
7.090000000001,-0.012017521649503775804
7.100000000001,-0.012020825554888755763
7.110000000001,-0.012023939149411874341
7.120000000001,-0.012026863985903154432
7.130000000001,-0.012029601608726153513
7.140000000001,-0.012032153553796216019
7.150000000001,-0.012034521348599036491
7.160000000001,-0.01203670651220952766
7.170000000001,-0.012038710555310987671
7.180000000001,-0.012040534980214560746
7.190000000001,-0.012042181280878985623
7.200000000001,-0.012043650942930626164
7.210000000001,-0.012044945443683778612
7.220000000001,-0.012046066252161250009
7.230000000001,-0.012047014829115202364
7.240000000001,-0.012047792627048257207
7.250000000001,-0.012048401090234855242
7.260000000001,-0.012048841654742865836
7.270000000001,-0.012049115748455441187
7.280000000001,-0.012049224791093110024
7.290000000001,-0.012049170194236105782
7.300000000001,-0.012048953361346924234
7.310000000001,-0.012048575687793105624
7.320000000001,-0.012048038560870236404
7.330000000001,-0.012047343359825165726
7.340000000001,-0.012046491455879431903
7.350000000001,-0.012045484212252894092
7.360000000001,-0.012044322984187564532
7.370000000001,-0.012043009118971636703
7.380000000001,-0.012041543955963704821
7.390000000001,-0.012039928826617170165
7.400000000001,-0.012038165054504829753
7.410000000001,-0.01203625395534364295
7.420000000001,-0.012034196837019671653
7.430000000001,-0.012031994999613189722
7.440000000001,-0.012029649735423957406
7.450000000001,-0.012027162328996656547
7.460000000001,-0.012024534057146482392
7.470000000001,-0.012021766188984887909
7.480000000001,-0.012018859985945476534
7.490000000001,-0.012015816701810039339
7.500000000001,-0.012012637582734732652
7.510000000001,-0.012009323867276392204
7.520000000001,-0.012005876786418979938
7.530000000001,-0.01200229756360015966
7.540000000001,-0.011998587414737997734
7.550000000001,-0.011994747548257785117
7.560000000001,-0.01199077916511897703
7.570000000001,-0.011986683458842246626
7.580000000001,-0.011982461615536649078
7.590000000001,-0.011978114813926892515
7.600000000001,-0.011973644225380712317
7.610000000001,-0.011969051013936345307
7.620000000001,-0.011964336336330100416
7.630000000001,-0.011959501342024022456
7.640000000001,-0.011954547173233645666
7.650000000001,-0.011949474964955833747
7.660000000001,-0.011944285844996703136
7.670000000001,-0.011938980933999626327
7.680000000001,-0.011933561345473312064
7.690000000001,-0.011928028185819959291
7.700000000001,-0.011922382554363481786
7.710000000001,-0.011916625543377800431
7.720000000001,-0.011910758238115200127
7.730000000001,-0.011904781716834748385
7.740000000001,-0.011898697050830772687
7.750000000001,-0.011892505304461393724
7.760000000001,-0.01188620753517711168
7.770000000001,-0.011879804793549442749
7.780000000001,-0.011873298123299603127
7.790000000001,-0.011866688561327237748
7.800000000001,-0.011859977137739191076
7.810000000001,-0.011853164875878317296
7.820000000001,-0.011846252792352327292
7.830000000001,-0.011839241897062669825
7.840000000001,-0.011832133193233444382
7.850000000001,-0.011824927677440343162
7.860000000001,-0.011817626339639619749
7.870000000001,-0.011810230163197082025
7.880000000001,-0.011802740124917106915
7.890000000001,-0.0117951571950716746
7.900000000001,-0.011787482337429419861
7.910000000001,-0.011779716509284698253
7.920000000001,-0.011771860661486664836
7.930000000001,-0.011763915738468363239
7.940000000001,-0.011755882678275822836
7.950000000001,-0.01174776241259716188
7.960000000001,-0.011739555866791694453
7.970000000001,-0.011731263959919039118
7.980000000001,-0.011722887604768227204
7.990000000001,-0.011714427707886808678
8.000000000001,-0.011705885169609953601
8.010000000001,-0.011697260884089547159
8.020000000001,-0.011688555739323276352
8.030000000001,-0.011679770617183706386
8.040000000001,-0.011670906393447344896
8.050000000001,-0.011661963937823692134
8.060000000001,-0.01165294411398427527
8.070000000001,-0.011643847779591665028
8.080000000001,-0.011634675786328472855
8.090000000001,-0.011625428979926326891
8.100000000001,-0.011616108200194825004
8.110000000001,-0.011606714281050463211
8.120000000001,-0.011597248050545537808
8.130000000001,-0.011587710330897019571
8.140000000001,-0.011578101938515398424
8.150000000001,-0.01156842368403349697
8.160000000001,-0.011558676372335251347
8.170000000001,-0.011548860802584457859
8.180000000001,-0.011538977768253483875
8.190000000001,-0.011529028057151941519
8.200000000001,-0.011519012451455322695
8.210000000001,-0.011508931727733594
8.220000000001,-0.011498786656979750127
8.230000000001,-0.011488578004638324377
8.240000000001,-0.011478306530633854913
8.250000000001,-0.011467972989399305411
8.260000000001,-0.011457578129904438823
8.270000000001,-0.011447122695684142923
8.280000000001,-0.011436607424866706413
8.290000000001,-0.011426033050202044301
8.300000000001,-0.011415400299089871368
8.310000000001,-0.011404709893607822499
8.320000000001,-0.011393962550539518711
8.330000000001,-0.011383158981402577726
8.340000000001,-0.011372299892476567946
8.350000000001,-0.011361385984830904725
8.360000000001,-0.011350417954352687844
8.370000000001,-0.011339396491774479118
8.380000000001,-0.011328322282702019085
8.390000000001,-0.011317196007641881754
8.400000000001,-0.011306018342029066382
8.410000000001,-0.011294789956254525326
8.420000000001,-0.011283511515692626959
8.430000000001,-0.011272183680728552737
8.440000000001,-0.011260807106785627453
8.450000000001,-0.011249382444352581796
8.460000000001,-0.011237910339010746299
8.470000000001,-0.011226391431461175809
8.480000000001,-0.011214826357551703629
8.490000000001,-0.011203215748303924482
8.500000000001,-0.011191560229940105486
8.510000000001,-0.011179860423910024333
8.520000000001,-0.01116811694691773389
8.530000000001,-0.011156330410948252444
8.540000000001,-0.011144501423294178862
8.550000000001,-0.011132630586582231905
8.560000000001,-0.011120718498799713003
8.570000000001,-0.011108765753320891774
8.580000000001,-0.011096772938933313608
8.590000000001,-0.011084740639864028657
8.600000000001,-0.011072669435805741559
8.610000000001,-0.011060559901942881278
8.620000000001,-0.011048412608977590429
8.630000000001,-0.011036228123155633488
8.640000000001,-0.011024007006292223288
8.650000000001,-0.011011749815797765234
8.660000000001,-0.010999457104703518678
8.670000000001,-0.01098712942168717489
8.680000000001,-0.010974767311098351119
8.690000000001,-0.010962371312984000205
8.700000000001,-0.010949941963113735252
8.710000000001,-0.01093747979300506886
8.720000000001,-0.010924985329948566457
8.730000000001,-0.010912459097032913247
8.740000000001,-0.010899901613169894348
8.750000000001,-0.010887313393119287662
8.760000000001,-0.010874694947513669071
8.770000000001,-0.010862046782883129542
8.780000000001,-0.010849369401679903739
8.790000000001,-0.010836663302302909768
8.800000000001,-0.010823928979122199672
8.810000000001,-0.010811166922503320323
8.820000000001,-0.01079837761883158436
8.830000000001,-0.01078556155053625083
8.840000000001,-0.010772719196114615221
8.850000000001,-0.010759851030156008566
8.860000000001,-0.010746957523365705306
8.870000000001,-0.010734039142588739647
8.880000000001,-0.010721096350833630102
8.890000000001,-0.010708129607296011976
8.900000000001,-0.010695139367382177514
8.910000000001,-0.01068212608273252348
8.920000000001,-0.010669090201244905924
8.930000000001,-0.010656032167097901915
8.940000000001,-0.010642952420773978015
8.950000000001,-0.010629851399082565299
8.960000000001,-0.01061672953518304072
8.970000000001,-0.010603587258607614628
8.980000000001,-0.010590424995284124282
8.990000000001,-0.010577243167558733164
9.000000000001,-0.01056404219421853596
9.010000000001,-0.01055082249051406905
9.020000000001,-0.010537584468181726364
9.030000000001,-0.010524328535466080481
9.040000000001,-0.010511055097142108849
9.050000000001,-0.010497764554537325004
9.060000000001,-0.010484457305553814699
9.070000000001,-0.010471133744690176835
9.080000000001,-0.010457794263063369112
9.090000000001,-0.010444439248430458322
9.100000000001,-0.010431069085210275213
9.110000000001,-0.010417684154504973853
9.120000000001,-0.010404284834121495457
9.130000000001,-0.010390871498592936608
9.140000000001,-0.010377444519199821852
9.150000000001,-0.010364004263991280619
9.160000000001,-0.010350551097806128461
9.170000000001,-0.010337085382293852576
9.180000000001,-0.010323607475935501611
9.190000000001,-0.010310117734064479755
9.200000000001,-0.010296616508887245098
9.210000000001,-0.0102831041495039123
9.220000000001,-0.010269581001928759559
9.230000000001,-0.010256047409110639919
9.240000000001,-0.010242503710953296945
9.250000000001,-0.010228950244335584797
9.260000000001,-0.010215387343131592755
9.270000000001,-0.010201815338230674241
9.280000000001,-0.010188234557557380385
9.290000000001,-0.01017464532609129822
9.300000000001,-0.010161047965886793543
9.310000000001,-0.010147442796092658546
9.320000000001,-0.010133830132971664274
9.330000000001,-0.010120210289920018007
9.340000000001,-0.010106583577486725651
9.350000000001,-0.010092950303392859239
9.360000000001,-0.010079310772550729643
9.370000000001,-0.01006566528708296459
9.380000000001,-0.010052014146341492123
9.390000000001,-0.010038357646926429595
9.400000000001,-0.010024696082704878328
9.410000000001,-0.010011029744829624079
9.420000000001,-0.0099973589217577434131
9.430000000001,-0.0099836838992691161566
9.440000000001,-0.0099700049604848440404
9.450000000001,-0.0099563223858855756993
9.460000000001,-0.0099426364533297381682
9.470000000001,-0.0099289474380716750335
9.480000000001,-0.0099152556127796913969
9.490000000001,-0.0099015612475540058167
9.500000000001,-0.0098878646099446093922
9.510000000001,-0.0098741659649690321645
9.520000000001,-0.0098604655751300170086
9.530000000001,-0.0098467637004331011953
9.540000000001,-0.009833060598404105809
9.550000000001,-0.0098193565241065332059
9.560000000001,-0.0098056517301588727053
9.570000000001,-0.0097919464667518147076
9.580000000001,-0.0097782409816653734382
9.590000000001,-0.0097645355202859185183
9.600000000001,-0.0097508303256231155678
9.610000000001,-0.0097371256383267760488
9.620000000001,-0.0097234216967036165626
9.630000000001,-0.0097097187367339278134
9.640000000001,-0.0096960169920881534584
9.650000000001,-0.0096823166941433790651
9.660000000001,-0.0096686180719997314004
9.670000000001,-0.0096549213524966882784
9.680000000001,-0.0096412267602292991977
9.690000000001,-0.009627534517564317001
9.700000000001,-0.0096138448446562407933
9.710000000001,-0.0096001579594632703563
9.720000000001,-0.0095864740777631723017
9.730000000001,-0.0095727934131690582066
9.740000000001,-0.0095591161771450749765
9.750000000001,-0.009545442579022007687
9.760000000001,-0.0095317728260127951533
9.770000000001,-0.0095181071232279584832
9.780000000001,-0.0095044456736909428675
9.790000000001,-0.0094907886783533728681
9.800000000001,-0.0094771363361102214634
9.810000000001,-0.0094634888438148931138
9.820000000001,-0.009449846396294221111
9.830000000001,-0.0094362091863633794807
9.840000000001,-0.0094225774048407097041
9.850000000001,-0.0094089512405624625315
9.860000000001,-0.009395330880397455159
9.870000000001,-0.0093817165092616440443
9.880000000001,-0.0093681083101326136363
9.890000000001,-0.0093545064640639812975
9.900000000001,-0.0093409111501997186988
9.910000000001,-0.0093273225457883899677
9.920000000001,-0.0093137408261973068733
9.930000000001,-0.0093001661649266013322
9.940000000001,-0.0092865987336232155216
9.950000000001,-0.0092730387020948098873
9.960000000001,-0.0092594862383235893344
9.970000000001,-0.0092459415084800478932
9.980000000001,-0.0092324046769366321491
9.990000000001,-0.0092188759062813237315
10.000000000001,-0.0092053553573311411558
10.010000000001,-0.0091918431891455613123
10.020000000001,-0.0091783395590398608998
10.030000000001,-0.0091648446225983781019
10.040000000001,-0.0091513585336876948035
10.050000000001,-0.0091378814444697396479
10.060000000001,-0.009124413505414812236
10.070000000001,-0.009110954865314528768
10.080000000001,-0.0090975056712946894313
10.090000000001,-0.0090840660688280678383
10.100000000001,-0.0090706362017471228173
10.110000000001,-0.0090572162122566328638
10.120000000001,-0.009043806240946253556
10.130000000001,-0.0090304064268029982435
10.140000000001,-0.0090170169072236423147
10.150000000001,-0.009003637818027051353
10.160000000001,-0.0089902692934664334895
10.170000000001,-0.0089769114662415162615
10.180000000001,-0.008963564467510648288
10.190000000001,-0.0089502284269028260721
10.200000000001,-0.0089369034725296462409
10.210000000001,-0.008923589730997183536
10.220000000001,-0.0089102873274177948654
10.230000000001,-0.0088969963854218497295
10.240000000001,-0.0088837170271693873348
10.250000000001,-0.0088704493733617007082
10.260000000001,-0.008857193543252848125
10.270000000001,-0.0088439496546610921654
10.280000000001,-0.0088307178239802667131
10.290000000001,-0.0088174981661910722108
10.300000000001,-0.0088042907948722994873
10.310000000001,-0.0087910958222119824705
10.320000000001,-0.0087779133590184801024
10.330000000001,-0.0087647435147314877705
10.340000000001,-0.0087515863974329785711
10.350000000001,-0.0087384421138580747203
10.360000000001,-0.0087253107694058494279
10.370000000001,-0.0087121924681500595493
10.380000000001,-0.0086990873128498093326
10.390000000001,-0.0086859954049601455739
10.400000000001,-0.0086729168446425844993
10.410000000001,-0.0086598517307755706866
10.420000000001,-0.0086468001609648683437
10.430000000001,-0.0086337622315538852582
10.440000000001,-0.0086207380376339297341
10.450000000001,-0.0086077276730544008303
10.460000000001,-0.0085947312304329122156
10.470000000001,-0.0085817488011653499559
10.480000000001,-0.008568780475435864547
10.490000000001,-0.0085558263422267975083
10.500000000001,-0.0085428864893285428509
10.510000000001,-0.0085299610033493437346
10.520000000001,-0.0085170499697250246265
10.530000000001,-0.0085041534727286592758
10.540000000001,-0.0084912715954801748156
10.550000000001,-0.0084784044199558923078
10.560000000001,-0.0084655520269980040391
10.570000000001,-0.0084527144963239878842
10.580000000001,-0.0084398919065359590446
10.590000000001,-0.0084270843351299594763
10.600000000001,-0.0084142918585051853153
10.610000000001,-0.008401514551973152613
10.620000000001,-0.0083887524897668016904
10.630000000001,-0.0083760057450495404198
10.640000000001,-0.008363274389924226745
10.650000000001,-0.008350558495442090746
10.660000000001,-0.008337858131611596558
10.670000000001,-0.0083251733674072444509
10.680000000001,-0.008312504270778313377
10.690000000001,-0.0082998509086575442921
10.700000000001,-0.0082872133469697645571
10.710000000001,-0.0082745916506404537243
10.720000000001,-0.0082619858836042510129
10.730000000001,-0.0082493961088134047783
10.740000000001,-0.008236822388246164278
10.750000000001,-0.008224264782915114037
10.760000000001,-0.0082117233528754511148
10.770000000001,-0.0081991981572332055748
10.780000000001,-0.0081866892541534044579
10.790000000001,-0.0081741967008681795597
10.800000000001,-0.0081617205536848193104
10.810000000001,-0.0081492608679937650564
10.820000000001,-0.0081368176982765520417
10.830000000001,-0.0081243910981136953863
10.840000000001,-0.0081119811201925213574
10.850000000001,-0.0080995878163149442298
10.860000000001,-0.0080872112374051890309
10.870000000001,-0.008074851433517460463
10.880000000001,-0.008062508453843558298
10.890000000001,-0.0080501823467204395365
10.900000000001,-0.0080378731596377276225
10.910000000001,-0.0080255809392451690062
10.920000000001,-0.0080133057313600373439
10.930000000001,-0.0080010475809744856251
10.940000000001,-0.0079888065322628465152
10.950000000001,-0.007976582628588881202
10.960000000001,-0.0079643759125129770318
10.970000000001,-0.0079521864257992942231
10.980000000001,-0.0079400142094228619414
10.990000000001,-0.0079278593035766240198
11.000000000001,-0.0079157217476784346103
11.010000000001,-0.0079036015803780040461
11.020000000001,-0.0078914988395637951994
11.030000000001,-0.0078794135623698706124
11.040000000001,-0.0078673457851826906847
11.050000000001,-0.0078552955436478631934
11.060000000001,-0.007843262872676844426
11.070000000001,-0.0078312478064535922021
11.080000000001,-0.0078192503784411710609
11.090000000001,-0.0078072706213883098898
11.100000000001,-0.0077953085673359122676
11.110000000001,-0.0077833642476235197977
11.120000000001,-0.0077714376928957287019
11.130000000001,-0.0077595289331085599474
11.140000000001,-0.0077476379975357831783
11.150000000001,-0.0077357649147751947192
11.160000000001,-0.007723909712754849922
11.170000000001,-0.0077120724187392501224
11.180000000001,-0.0077002530593354844729
11.190000000001,-0.0076884516604993269186
11.200000000001,-0.0076766682475412885805
11.210000000001,-0.0076649028451326258098
11.220000000001,-0.0076531554773113041764
11.230000000001,-0.0076414261674879186541
11.240000000001,-0.0076297149384515702617
11.250000000001,-0.0076180218123756994218
11.260000000001,-0.0076063468108238762949
11.270000000001,-0.0075946899547555483478
11.280000000001,-0.0075830512645317454112
11.290000000001,-0.0075714307599207424857
11.300000000001,-0.0075598284601036805469
11.310000000001,-0.0075482443836801456076
11.320000000001,-0.0075366785486737062869
11.330000000001,-0.0075251309725374101392
11.340000000001,-0.0075136016721592389943
11.350000000001,-0.0075020906638675235574
11.360000000001,-0.007490597963436317519
11.370000000001,-0.0074791235860907314203
11.380000000001,-0.007467667546512226524
11.390000000001,-0.0074562298588438689328
11.400000000001,-0.0074448105366955442029
11.410000000001,-0.0074334095931491326942
11.420000000001,-0.007422027040763645901
11.430000000001,-0.0074106628915803240046
11.440000000001,-0.0073993171571276948872
11.450000000001,-0.0073879898484265948479
11.460000000001,-0.007376680975995151259
11.470000000001,-0.0073653905498537273989
11.480000000001,-0.0073541185795298296993
11.490000000001,-0.0073428650740629776414
11.500000000001,-0.007331630042009536535
11.510000000001,-0.0073204134914475134143
11.520000000001,-0.007309215429981316283
11.530000000001,-0.0072980358647464769377
11.540000000001,-0.0072868748024143376031
11.550000000001,-0.0072757322491967016046
11.560000000001,-0.0072646082108504483086
11.570000000001,-0.0072535026926821125566
11.580000000001,-0.0072424156995524288188
11.590000000001,-0.0072313472358808402934
11.600000000001,-0.0072202973056499731727
11.610000000001,-0.0072092659124100763024
11.620000000001,-0.0071982530592834264527
11.630000000001,-0.0071872587489686994237
11.640000000001,-0.0071762829837453072038
11.650000000001,-0.0071653257654777014009
11.660000000001,-0.0071543870956196431626
11.670000000001,-0.0071434669752184398027
11.680000000001,-0.0071325654049191483495
11.690000000001,-0.0071216823849687462303
11.700000000001,-0.0071108179152202693056
11.710000000001,-0.0070999719951369174645
11.720000000001,-0.0070891446237961279944
11.730000000001,-0.0070783357998936169344
11.740000000001,-0.0070675455217473886202
11.750000000001,-0.0070567737873017136325
11.760000000001,-0.0070460205941310753517
11.770000000001,-0.0070352859394440853285
11.780000000001,-0.0070245698200873676745
11.790000000001,-0.0070138722325494126755
11.800000000001,-0.0070031931729643998336
11.810000000001,-0.0069925326371159905372
11.820000000001,-0.0069818906204410905619
11.830000000001,-0.0069712671180335826018
11.840000000001,-0.0069606621246480290303
11.850000000001,-0.0069500756347033450876
11.860000000001,-0.0069395076422864426941
11.870000000001,-0.0069289581411558450828
11.880000000001,-0.0069184271247452724482
11.890000000001,-0.0069079145861671988042
11.900000000001,-0.0068974205182163802446
11.910000000001,-0.0068869449133733547981
11.920000000001,-0.0068764877638079140684
11.930000000001,-0.0068660490613825468502
11.940000000001,-0.006855628797655854909
11.950000000001,-0.0068452269638859411135
11.960000000001,-0.0068348435510337701078
11.970000000001,-0.0068244785497665017075
11.980000000001,-0.0068141319504607972081
11.990000000001,-0.006803803743206098786
12.000000000001,-0.006793493917807882178
12.010000000001,-0.0067832024637908828196
12.020000000001,-0.0067729293704022956243
12.030000000001,-0.0067626746266149485832
12.040000000001,-0.0067524382211304503644
12.050000000001,-0.0067422201423823120904
12.060000000001,-0.0067320203785390434706
12.070000000001,-0.0067218389175072234645
12.080000000001,-0.0067116757469345456527
12.090000000001,-0.0067015308542128384873
12.100000000001,-0.0066914042264810605978
12.110000000001,-0.0066812958506282713222
12.120000000001,-0.0066712057132965766374
12.130000000001,-0.0066611338008840506571
12.140000000001,-0.006651080099547632868
12.150000000001,-0.0066410445952060012725
12.160000000001,-0.0066310272735424216061
12.170000000001,-0.0066210281200075727945
12.180000000001,-0.0066110471198223488187
12.190000000001,-0.0066010842579806371506
12.200000000001,-0.0065911395192520739248
12.210000000001,-0.0065812128881847760076
12.220000000001,-0.0065713043491080501281
12.230000000001,-0.0065614138861350792292
12.240000000001,-0.0065515414831655862012
12.250000000001,-0.0065416871238884751565
12.260000000001,-0.0065318507917844504034
12.270000000001,-0.006522032470128613277
12.280000000001,-0.0065122321419930369833
12.290000000001,-0.0065024497902493196131
12.300000000001,-0.0064926853975711154789
12.310000000001,-0.0064829389464366449305
12.320000000001,-0.0064732104191311828005
12.330000000001,-0.0064634997977495256335
12.340000000001,-0.0064538070641984378484
12.350000000001,-0.0064441322001990769861
12.360000000001,-0.0064344751872893981901
12.370000000001,-0.0064248360068265380698
12.380000000001,-0.0064152146399891780941
12.390000000001,-0.0064056110677798876615
12.400000000001,-0.0063960252710274469931
12.410000000001,-0.0063864572303891499933
12.420000000001,-0.0063769069263530872234
12.430000000001,-0.0063673743392404091294
12.440000000001,-0.0063578594492075696688
12.450000000001,-0.0063483622362485504768
12.460000000001,-0.0063388826801970657127
12.470000000001,-0.0063294207607287477269
12.480000000001,-0.0063199764573633136875
12.490000000001,-0.0063105497494667133046
12.500000000001,-0.0063011406162532577902
12.510000000001,-0.0062917490367877301894
12.520000000001,-0.0062823749899874772204
12.530000000001,-0.0062730184546244827558
12.540000000001,-0.0062636794093274230819
12.550000000001,-0.0062543578325837040678
12.560000000001,-0.0062450537027414803769
12.570000000001,-0.0062357669980116568537
12.580000000001,-0.0062264976964698722147
12.590000000001,-0.0062172457760584651758
12.600000000001,-0.0062080112145884231439
12.610000000001,-0.0061987939897413136021
12.620000000001,-0.0061895940790711983154
12.630000000001,-0.0061804114600065304847
12.640000000001,-0.0061712461098520349749
12.650000000001,-0.0061620980057905717416
12.660000000001,-0.0061529671248849825831
12.670000000001,-0.0061438534440799213388
12.680000000001,-0.0061347569402036676595
12.690000000001,-0.0061256775899699244697
12.700000000001,-0.0061166153699795992455
12.710000000001,-0.0061075702567225692273
12.720000000001,-0.0060985422265794306874
12.730000000001,-0.0060895312558232323728
12.740000000001,-0.0060805373206211932402
12.750000000001,-0.0060715603970364046027
12.760000000001,-0.0060626004610295168028
12.770000000001,-0.0060536574884604105303
12.780000000001,-0.0060447314550898528994
12.790000000001,-0.0060358223365811383995
12.800000000001,-0.0060269301085017148347
12.810000000001,-0.0060180547463247943641
12.820000000001,-0.0060091962254309497573
12.830000000001,-0.0060003545211096959744
12.840000000001,-0.0059915296085610571839
12.850000000001,-0.0059827214628971193285
12.860000000001,-0.0059739300591435683466
12.870000000001,-0.0059651553722412141617
12.880000000001,-0.0059563973770475005452
12.890000000001,-0.0059476560483380009617
12.900000000001,-0.0059389313608079005038
12.910000000001,-0.0059302232890734640209
12.920000000001,-0.0059215318076734905505
12.930000000001,-0.0059128568910707541537
12.940000000001,-0.005904198513653431261
12.950000000001,-0.005895556649736514632
12.960000000001,-0.0058869312735632140301
12.970000000001,-0.0058783223593063437161
12.980000000001,-0.0058697298810696968616
12.990000000001,-0.0058611538128894069824
13.000000000001,-0.0058525941287352964925
13.010000000001,-0.0058440508025122124793
13.020000000001,-0.0058355238080613497958
13.030000000001,-0.005827013119161561572
13.040000000001,-0.0058185187095306572391
13.050000000001,-0.0058100405528266881665
13.060000000001,-0.0058015786226492210056
13.070000000001,-0.0057931328925405988377
13.080000000001,-0.0057847033359871902193
13.090000000001,-0.0057762899264206262212
13.100000000001,-0.0057678926372190255521
13.110000000001,-0.0057595114417082078638
13.120000000001,-0.0057511463131628953261
13.130000000001,-0.0057427972248079025668
13.140000000001,-0.0057344641498193150658
13.150000000001,-0.0057261470613256560949
13.160000000001,-0.0057178459324090422933
13.170000000001,-0.0057095607361063279671
13.180000000001,-0.0057012914454102382036
13.190000000001,-0.0056930380332704908862
13.200000000001,-0.0056848004725949076998
13.210000000001,-0.0056765787362505142117
13.220000000001,-0.0056683727970646291153
13.230000000001,-0.0056601826278259427237
13.240000000001,-0.0056520082012855847949
13.250000000001,-0.0056438494901581817778
13.260000000001,-0.0056357064671229035591
13.270000000001,-0.0056275791048244997969
13.280000000001,-0.0056194673758743259234
13.290000000001,-0.0056113712528513588989
13.300000000001,-0.0056032907083032027987
13.310000000001,-0.0055952257147470843146
13.320000000001,-0.0055871762446708382516
13.330000000001,-0.0055791422705338830994
13.340000000001,-0.0055711237647681867593
13.350000000001,-0.0055631206997792225045
13.360000000001,-0.0055551330479469152523
13.370000000001,-0.0055471607816265782275
13.380000000001,-0.0055392038731498400926
13.390000000001,-0.0055312622948255626228
13.400000000001,-0.0055233360189407490019
13.410000000001,-0.0055154250177614428144
13.420000000001,-0.0055075292635336178097
13.430000000001,-0.0054996487284840585132
13.440000000001,-0.005491783384821231758
13.450000000001,-0.0054839332047361492105
13.460000000001,-0.005476098160403220965
13.470000000001,-0.0054682782239811002779
13.480000000001,-0.0054604733676135195141
13.490000000001,-0.0054526835634301173788
13.500000000001,-0.0054449087835472575034
13.510000000001,-0.0054371490000688384588
13.520000000001,-0.0054294041850870952631
13.530000000001,-0.0054216743106833924574
13.540000000001,-0.0054139593489290088144
13.550000000001,-0.0054062592718859137524
13.560000000001,-0.0053985740516075355204
13.570000000001,-0.0053909036601395212231
13.580000000001,-0.0053832480695204887521
13.590000000001,-0.0053756072517827706923
13.600000000001,-0.0053679811789531502662
13.610000000001,-0.0053603698230535893853
13.620000000001,-0.005352773156101948872
13.630000000001,-0.0053451911501127009176
13.640000000001,-0.0053376237770976338404
13.650000000001,-0.0053300710090665492082
13.660000000001,-0.0053225328180279513887
13.670000000001,-0.0053150091759897295904
13.680000000001,-0.0053075000549598324571
13.690000000001,-0.0053000054269469352775
13.700000000001,-0.0052925252639610998731
13.710000000001,-0.0052850595380144272227
13.720000000001,-0.0052776082211217028882
13.730000000001,-0.0052701712853010352981
13.740000000001,-0.0052627487025744869522
13.750000000001,-0.0052553404449686986038
13.760000000001,-0.0052479464845155064811
13.770000000001,-0.0052405667932525526047
13.780000000001,-0.0052332013432238882604
13.790000000001,-0.0052258501064805706841
13.800000000001,-0.0052185130550812530175
13.810000000001,-0.0052111901610927675902
13.820000000001,-0.0052038813965907025855
13.830000000001,-0.0051965867336599721461
13.840000000001,-0.0051893061443953799746
13.850000000001,-0.0051820396009021764854
13.860000000001,-0.0051747870752966095613
13.870000000001,-0.005167548539706468971
13.880000000001,-0.0051603239662716244997
13.890000000001,-0.0051531133271445578486
13.900000000001,-0.0051459165944908883546
13.910000000001,-0.0051387337404898925849
13.920000000001,-0.0051315647373350178571
13.930000000001,-0.0051244095572343897389
13.940000000001,-0.0051172681724113135777
13.950000000001,-0.0051101405551047701124
13.960000000001,-0.0051030266775699052169
13.970000000001,-0.0050959265120785138286
13.980000000001,-0.005088840030919518109
13.990000000001,-0.0050817672063994398887
14.000000000001,-0.0050747080108428674446
14.010000000001,-0.0050676624165929166596
14.020000000001,-0.0050606303960116866132
14.030000000001,-0.0050536119214807096505
14.040000000001,-0.0050466069654013959796
14.050000000001,-0.0050396155001954728426
14.060000000001,-0.0050326374983054183095
14.070000000001,-0.0050256729321948897413
14.080000000001,-0.0050187217743491469682
14.090000000001,-0.0050117839972754702306
14.100000000001,-0.0050048595735035729271
14.110000000001,-0.0049979484755860092166
14.120000000001,-0.0049910506760985765188
14.130000000001,-0.0049841661476407129584
14.140000000001,-0.004977294862835889797
14.150000000001,-0.0049704367943319988976
14.160000000001,-0.0049635919148017352653
14.170000000001,-0.004956760196942974707
14.180000000001,-0.0049499416134791466553
14.190000000001,-0.0049431361371596021967
14.200000000001,-0.0049363437407599773488
14.210000000001,-0.0049295643970825516283
14.220000000001,-0.0049227980789566019508
14.230000000001,-0.0049160447592387519053
14.240000000001,-0.0049093044108133164431
14.250000000001,-0.004902577006592642024
14.260000000001,-0.0048958625195174422588
14.270000000001,-0.0048891609225571290889
14.280000000001,-0.0048824721887101395437
14.290000000001,-0.0048757962910042581143
14.300000000001,-0.0048691332024969347843
14.310000000001,-0.0048624828962755987556
14.320000000001,-0.0048558453454579679085
14.330000000001,-0.004849220523192354035
14.340000000001,-0.0048426084026579638828
14.350000000001,-0.0048360089570651960482
14.360000000001,-0.0048294221596559337561
14.370000000001,-0.0048228479837038335631
14.380000000001,-0.0048162864025146100222
14.390000000001,-0.0048097373894263163453
14.400000000001,-0.0048032009178096210989
14.410000000001,-0.0047966769610680809719
14.420000000001,-0.004790165492638409648
14.430000000001,-0.0047836664859907428209
14.440000000001,-0.0047771799146288993872
14.450000000001,-0.0047707057520906388504
14.460000000001,-0.0047642439719479149736
14.470000000001,-0.0047577945478071257127
14.480000000001,-0.0047513574533093594662
14.490000000001,-0.0047449326621306376752
14.500000000001,-0.0047385201479821538063
14.510000000001,-0.0047321198846105087527
14.520000000001,-0.004725731845797942685
14.530000000001,-0.0047193560053625633857
14.540000000001,-0.0047129923371585710994
14.550000000001,-0.004706640815076479932
14.560000000001,-0.0047003014130433358301
14.570000000001,-0.0046939741050229311733
14.580000000001,-0.0046876588650160160103
14.590000000001,-0.0046813556670605059711
14.600000000001,-0.0046750644852316868859
14.610000000001,-0.0046687852936424161417
14.620000000001,-0.0046625180664433208074
14.630000000001,-0.0046562627778229925579
14.640000000001,-0.0046500194020081794266
14.650000000001,-0.0046437879132639744185
14.660000000001,-0.0046375682858940010098
14.670000000001,-0.0046313604942405955682
14.680000000001,-0.0046251645126849867186
14.690000000001,-0.0046189803156474716866
14.700000000001,-0.0046128078775875896465
14.710000000001,-0.0046066471730042921041
14.720000000001,-0.0046004981764361103404
14.730000000001,-0.0045943608624613199468
14.740000000001,-0.0045882352056981024775
14.750000000001,-0.004582121180804704248
14.760000000001,-0.0045760187624795923074
14.770000000001,-0.0045699279254616076099
14.780000000001,-0.004563848644530115415
14.790000000001,-0.0045577808945051529411
14.800000000001,-0.0045517246502475742997
14.810000000001,-0.0045456798866591927378
14.820000000001,-0.0045396465786829202121
14.830000000001,-0.0045336247013029043231
14.840000000001,-0.0045276142295446626343
14.850000000001,-0.004521615138475214401
14.860000000001,-0.0045156274032032097352
14.870000000001,-0.0045096509988790562313
14.880000000001,-0.0045036859006950430772
14.890000000001,-0.0044977320838854626757
14.900000000001,-0.0044917895237267298008
14.910000000001,-0.0044858581955374983132
14.920000000001,-0.0044799380746787754583
14.930000000001,-0.0044740291365540337723
14.940000000001,-0.004468131356609320618
14.950000000001,-0.0044622447103333653757
14.960000000001,-0.0044563691732576843106
14.970000000001,-0.0044505047209566831421
14.980000000001,-0.004444651329047757336
14.990000000001,-0.0044388089731913901426
15.000000000001,-0.0044329776290912484049
15.010000000001,-0.0044271572724942761565
15.020000000001,-0.0044213478791907860348
15.030000000001,-0.0044155494250145485276
15.040000000001,-0.0044097618858428790785
15.050000000001,-0.0044039852375967230705
15.060000000001,-0.0043982194562407387101
15.070000000001,-0.004392464517783377833
15.080000000001,-0.0043867203982769646525
15.090000000001,-0.0043809870738177724717
15.100000000001,-0.0043752645205460983801
15.110000000001,-0.004369552714646335955
15.120000000001,-0.0043638516323470459885
15.130000000001,-0.0043581612499210252604
15.140000000001,-0.0043524815436853733765
15.150000000001,-0.0043468124900015576924
15.160000000001,-0.0043411540652754763435
15.170000000001,-0.0043355062459575193988
15.180000000001,-0.0043298690085426281604
15.190000000001,-0.0043242423295703526255
15.200000000001,-0.0043186261856249071319
15.210000000001,-0.0043130205533352242047
15.220000000001,-0.0043074254093750066236
15.230000000001,-0.0043018407304627777294
15.240000000001,-0.004296266493361929988
15.250000000001,-0.0042907026748807718294
15.260000000001,-0.0042851492518725727824
15.270000000001,-0.004279606201235606919
15.280000000001,-0.0042740734999131946306
15.290000000001,-0.0042685511248937427507
15.300000000001,-0.0042630390532107830422
15.310000000001,-0.0042575372619430090685
15.320000000001,-0.0042520457282143114628
15.330000000001,-0.0042465644291938116152
15.340000000001,-0.0042410933420958937927
15.350000000001,-0.0042356324441802357106
15.360000000001,-0.0042301817127518375703
15.370000000001,-0.0042247411251610495811
15.380000000001,-0.0042193106588035979825
15.390000000001,-0.0042138902911206095821
15.400000000001,-0.0042084799995986348263
15.410000000001,-0.0042030797617696694197
15.420000000001,-0.0041976895552111745084
15.430000000001,-0.0041923093575460954431
15.440000000001,-0.0041869391464428791382
15.450000000001,-0.0041815788996154900411
15.460000000001,-0.0041762285948234247286
15.470000000001,-0.004170888209871725144
15.480000000001,-0.0041655577226109904909
15.490000000001,-0.0041602371109373877978
15.500000000001,-0.00415492635279266117
15.510000000001,-0.0041496254261641397408
15.520000000001,-0.0041443343090847443386
15.530000000001,-0.004139052979632992884
15.540000000001,-0.0041337814159330045302
15.550000000001,-0.0041285195961545025613
15.560000000001,-0.0041232674985128160637
15.570000000001,-0.0041180251012688803823
15.580000000001,-0.0041127923827292363769
15.590000000001,-0.0041075693212460284923
15.600000000001,-0.0041023558952170016549
15.610000000001,-0.0040971520830854970096
15.620000000001,-0.004091957863340446511
15.630000000001,-0.0040867732145163663805
15.640000000001,-0.0040815981151933494444
15.650000000001,-0.0040764325439970563637
15.660000000001,-0.0040712764795987057703
15.670000000001,-0.004066129900715063322
15.680000000001,-0.0040609927861084296875
15.690000000001,-0.0040558651145866274756
15.700000000001,-0.0040507468650029871208
15.710000000001,-0.0040456380162563317359
15.720000000001,-0.0040405385472909609463
15.730000000001,-0.0040354484370966337159
15.740000000001,-0.0040303676647085501777
15.750000000001,-0.0040252962092073324812
15.760000000001,-0.0040202340497190046668
15.770000000001,-0.0040151811654149715812
15.780000000001,-0.0040101375355119968424
15.790000000001,-0.0040051031392721798694
15.800000000001,-0.004000077956002931984
15.810000000001,-0.003995061965056951599
15.820000000001,-0.0039900551458321985025
15.830000000001,-0.0039850574777718672494
15.840000000001,-0.0039800689403643596717
15.850000000001,-0.0039750895131432565173
15.860000000001,-0.0039701191756872882297
15.870000000001,-0.0039651579076203048775
15.880000000001,-0.003960205688611245245
15.890000000001,-0.003955262498374105095
15.900000000001,-0.0039503283166679046134
15.910000000001,-0.003945403123296655045
15.920000000001,-0.0039404868981093245334
15.930000000001,-0.0039355796209998031719
15.940000000001,-0.0039306812719068672773
15.950000000001,-0.0039257918308141428966
15.960000000001,-0.0039209112777500685551
15.970000000001,-0.0039160395927878572564
15.980000000001,-0.0039111767560454577448
15.990000000001,-0.0039063227476855150376
16.000000000001,-0.0039014775479153302384
16.010000000001,-0.0038966411369868196405
16.020000000001,-0.0038918134951964731295
16.030000000001,-0.003886994602885311893
16.040000000001,-0.0038821844404388454499
16.050000000001,-0.0038773829882870280043
16.060000000001,-0.0038725902269042141358
16.070000000001,-0.0038678061368091138339
16.080000000001,-0.0038630306985647468855
16.090000000001,-0.0038582638927783966239
16.100000000001,-0.003853505700101563049
16.110000000001,-0.0038487561012299153252
16.120000000001,-0.0038440150769032436682
16.130000000001,-0.0038392826079054106262
16.140000000001,-0.0038345586750643017661
16.150000000001,-0.0038298432592517757719
16.160000000001,-0.003825136341383613963
16.170000000001,-0.003820437902419469242
16.180000000001,-0.0038157479233628144783
16.190000000001,-0.0038110663852608903362
16.200000000001,-0.003806393269204652556
16.210000000001,-0.0038017285563287186946
16.220000000001,-0.0037970722278113143339
16.230000000001,-0.0037924242648742187652
16.240000000001,-0.0037877846487827101557
16.250000000001,-0.0037831533608455102068
16.260000000001,-0.0037785303824147283086
16.270000000001,-0.0037739156948858052015
16.280000000001,-0.0037693092796974561487
16.290000000001,-0.0037647111183316136297
16.300000000001,-0.00376012119231336956
16.310000000001,-0.0037555394832109170448
16.320000000001,-0.0037509659726354916741
16.330000000001,-0.0037464006422413123649
16.340000000001,-0.0037418434737255217593
16.350000000001,-0.0037372944488281261833
16.360000000001,-0.0037327535493319351739
16.370000000001,-0.003728220757062500582
16.380000000001,-0.0037236960538880552561
16.390000000001,-0.0037191794217194513147
16.400000000001,-0.0037146708425100980129
16.410000000001,-0.0037101702982558992106
16.420000000001,-0.0037056777709951904475
16.430000000001,-0.0037011932428086756325
16.440000000001,-0.0036967166958193633529
16.450000000001,-0.003692248112192502809
16.460000000001,-0.0036877874741355193826
16.470000000001,-0.0036833347638979498419
16.480000000001,-0.0036788899637713771922
16.490000000001,-0.0036744530560893651765
16.500000000001,-0.0036700240232273924318
16.510000000001,-0.0036656028476027863079
16.520000000001,-0.0036611895116746563538
16.530000000001,-0.0036567839979438274777
16.540000000001,-0.0036523862889527727858
16.550000000001,-0.003647996367285546106
16.560000000001,-0.0036436142155677142024
16.570000000001,-0.0036392398164662886845
16.580000000001,-0.0036348731526896576185
16.590000000001,-0.003630514206987516845
16.600000000001,-0.0036261629621508010083
16.610000000001,-0.0036218194010116143031
16.620000000001,-0.0036174835064431609438
16.630000000001,-0.0036131552613596753613
16.640000000001,-0.0036088346487163521322
16.650000000001,-0.0036045216515092756462
16.660000000001,-0.003600216252775349516
16.670000000001,-0.0035959184355922257353
16.680000000001,-0.0035916281830782335891
16.690000000001,-0.0035873454783923083222
16.700000000001,-0.0035830703047339195689
16.710000000001,-0.0035788026453429995513
16.720000000001,-0.0035745424834998710484
16.730000000001,-0.0035702898025251751422
16.740000000001,-0.0035660445857797987452
16.750000000001,-0.0035618068166648019127
16.760000000001,-0.0035575764786213449468
16.770000000001,-0.0035533535551306152939
16.780000000001,-0.0035491380297137542424
16.790000000001,-0.0035449298859317834232
16.800000000001,-0.0035407291073855311189
16.810000000001,-0.0035365356777155583847
16.820000000001,-0.0035323495806020849863
16.830000000001,-0.0035281707997649151581
16.840000000001,-0.0035239993189633631871
16.850000000001,-0.0035198351219961788247
16.860000000001,-0.0035156781927014725329
16.870000000001,-0.0035115285149566405667
16.880000000001,-0.0035073860726782898985
16.890000000001,-0.0035032508498221629871
16.900000000001,-0.0034991228303830623964
16.910000000001,-0.0034950019983947752661
16.920000000001,-0.0034908883379299976402
16.930000000001,-0.0034867818331002586558
16.940000000001,-0.0034826824680558445961
16.950000000001,-0.0034785902269857228116
16.960000000001,-0.0034745050941174655131
16.970000000001,-0.0034704270537171734404
16.980000000001,-0.0034663560900893994092
16.990000000001,-0.0034622921875770717417
17.000000000001,-0.0034582353305614175825
17.010000000001,-0.0034541855034618861043
17.020000000001,-0.003450142690736071607
17.030000000001,-0.0034461068768796365127
17.040000000001,-0.0034420780464262342613
17.050000000001,-0.0034380561839474321083
17.060000000001,-0.0034340412740526338301
17.070000000001,-0.0034300333013890023386
17.080000000001,-0.0034260322506413822088
17.090000000001,-0.0034220381065322221225
17.100000000001,-0.0034180508538214972319
17.110000000001,-0.0034140704773066314453
17.120000000001,-0.003410096961822419638
17.130000000001,-0.0034061302922409497933
17.140000000001,-0.0034021704534715250732
17.150000000001,-0.0033982174304605858255
17.160000000001,-0.0033942712081916315279
17.170000000001,-0.0033903317716851426723
17.180000000001,-0.0033863991059985025934
17.190000000001,-0.0033824731962259192431
17.200000000001,-0.0033785540274983469141
17.210000000001,-0.003374641584983407916
17.220000000001,-0.0033707358538853142053
17.230000000001,-0.003366836819444788974
17.240000000001,-0.0033629444669389881975
17.250000000001,-0.0033590587816814221455
17.260000000001,-0.0033551797490218768592
17.270000000001,-0.003351307354346335596
17.280000000001,-0.0033474415830769002447
17.290000000001,-0.0033435824206717127151
17.300000000001,-0.0033397298526248763022
17.310000000001,-0.0033358838644663770294
17.320000000001,-0.0033320444417620049731
17.330000000001,-0.003328211570113275569
17.340000000001,-0.0033243852351573509056
17.350000000001,-0.0033205654225669610051
17.360000000001,-0.0033167521180503250948
17.370000000001,-0.0033129453073510728712
17.380000000001,-0.0033091449762481657597
17.390000000001,-0.0033053511105558181709
17.400000000001,-0.0033015636961234187569
17.410000000001,-0.0032977827188354516697
17.420000000001,-0.0032940081646114178232
17.430000000001,-0.0032902400194057561618
17.440000000001,-0.0032864782692077649371
17.450000000001,-0.0032827229000415229951
17.460000000001,-0.0032789738979658110762
17.470000000001,-0.0032752312490740331301
17.480000000001,-0.0032714949394941376467
17.490000000001,-0.0032677649553885390061
17.500000000001,-0.0032640412829540388501
17.510000000001,-0.0032603239084217474749
17.520000000001,-0.00325661281805700525
17.530000000001,-0.0032529079981593040628
17.540000000001,-0.0032492094350622087921
17.550000000001,-0.0032455171151332788116
17.560000000001,-0.0032418310247739895264
17.570000000001,-0.0032381511504196539428
17.580000000001,-0.0032344774785393442747
17.590000000001,-0.003230809995635813587
17.600000000001,-0.0032271486882454174791
17.610000000001,-0.0032234935429380358096
17.620000000001,-0.0032198445463169944634
17.630000000001,-0.0032162016850189871639
17.640000000001,-0.0032125649457139973317
17.650000000001,-0.0032089343151052199907
17.660000000001,-0.0032053097799289837246
17.670000000001,-0.0032016913269546726838
17.680000000001,-0.0031980789429846486463
17.690000000001,-0.0031944726148541731318
17.700000000001,-0.0031908723294313295729
17.710000000001,-0.0031872780736169455428
17.720000000001,-0.0031836898343445150432
17.730000000001,-0.003180107598580120852
17.740000000001,-0.0031765313533223569331
17.750000000001,-0.0031729610856022509099
17.760000000001,-0.0031693967824831866039
17.770000000001,-0.0031658384310608266394
17.780000000001,-0.0031622860184630351159
17.790000000001,-0.0031587395318498003502
17.800000000001,-0.0031551989584131576881
17.810000000001,-0.0031516642853771123892
17.820000000001,-0.0031481354999975625839
17.830000000001,-0.0031446125895622223054
17.840000000001,-0.0031410955413905445975
17.850000000001,-0.003137584342833644699
17.860000000001,-0.0031340789812742233078
17.870000000001,-0.0031305794441264899227
17.880000000001,-0.0031270857188360862678
17.890000000001,-0.0031235977928800097977
17.900000000001,-0.0031201156537665372867
17.910000000001,-0.0031166392890351485021
17.920000000001,-0.0031131686862564499631
17.930000000001,-0.0031097038330320987864
17.940000000001,-0.0031062447169947266198
17.950000000001,-0.0031027913258078636645
17.960000000001,-0.0030993436471658627877
17.970000000001,-0.0030959016687938237263
17.980000000001,-0.0030924653784475173827
17.990000000001,-0.0030890347639133102137
18.000000000001,-0.0030856098130080887143
18.010000000001,-0.0030821905135791839959
18.020000000001,-0.0030787768535042964616
18.030000000001,-0.0030753688206914205787
18.040000000001,-0.0030719664030787697487
18.050000000001,-0.0030685695886347012776
18.060000000001,-0.0030651783653576414457
18.070000000001,-0.0030617927212760106786
18.080000000001,-0.0030584126444481488208
18.090000000001,-0.003055038122962240511
18.100000000001,-0.0030516691449362406629
18.110000000001,-0.0030483056985178000492
18.120000000001,-0.0030449477718841909917
18.130000000001,-0.0030415953532422331587
18.140000000001,-0.0030382484308282194678
18.150000000001,-0.0030349069929078420987
18.160000000001,-0.0030315710277761186135
18.170000000001,-0.0030282405237573181874
18.180000000001,-0.0030249154692048879498
18.190000000001,-0.0030215958525013794361
18.200000000001,-0.0030182816620583751526
18.210000000001,-0.003014972886316415253
18.220000000001,-0.0030116695137449243287
18.230000000001,-0.0030083715328421383144
18.240000000001,-0.0030050789321350315065
18.250000000001,-0.0030017917001792436992
18.260000000001,-0.0029985098255590074359
18.270000000001,-0.0029952332968870753774
18.280000000001,-0.0029919621028046477885
18.290000000001,-0.0029886962319813001419
18.300000000001,-0.0029854356731149108425
18.310000000001,-0.0029821804149315890695
18.320000000001,-0.0029789304461856027403
18.330000000001,-0.0029756857556593065941
18.340000000001,-0.0029724463321630703974
18.350000000001,-0.0029692121645352072716
18.360000000001,-0.0029659832416419021426
18.370000000001,-0.0029627595523771403143
18.380000000001,-0.0029595410856626361652
18.390000000001,-0.0029563278304477619691
18.400000000001,-0.0029531197757094768415
18.410000000001,-0.0029499169104522558104
18.420000000001,-0.0029467192237080190129
18.430000000001,-0.002943526704536061019
18.440000000001,-0.0029403393420229802811
18.450000000001,-0.0029371571252826087114
18.460000000001,-0.0029339800434559413871
18.470000000001,-0.0029308080857110663839
18.480000000001,-0.0029276412412430947374
18.490000000001,-0.0029244794992740905349
18.500000000001,-0.0029213228490530011355
18.510000000001,-0.0029181712798555875216
18.520000000001,-0.0029150247809843547792
18.530000000001,-0.0029118833417684827106
18.540000000001,-0.0029087469515637565772
18.550000000001,-0.0029056155997524979747
18.560000000001,-0.0029024892757434958397
18.570000000001,-0.0028993679689719375893
18.580000000001,-0.002896251668899340393
18.590000000001,-0.0028931403650134825779
18.600000000001,-0.0028900340468283351676
18.610000000001,-0.0028869327038839935544
18.620000000001,-0.0028838363257466093061
18.630000000001,-0.0028807449020083221074
18.640000000001,-0.0028776584222871918354
18.650000000001,-0.0028745768762271307711
18.660000000001,-0.0028715002534978359456
18.670000000001,-0.0028684285437947216225
18.680000000001,-0.0028653617368388519161
18.690000000001,-0.002862299822376873546
18.700000000001,-0.0028592427901809487279
18.710000000001,-0.0028561906300486882018
18.720000000001,-0.0028531433318030843968
18.730000000001,-0.0028501008852924447337
18.740000000001,-0.0028470632803903250644
18.750000000001,-0.0028440305069954632503
18.760000000001,-0.0028410025550317128775
18.770000000001,-0.0028379794144479771113
18.780000000001,-0.0028349610752181426884
18.790000000001,-0.0028319475273410140485
18.800000000001,-0.0028289387608402476041
18.810000000001,-0.0028259347657642861501
18.820000000001,-0.0028229355321862934121
18.830000000001,-0.0028199410502040887346
18.840000000001,-0.0028169513099400819087
18.850000000001,-0.0028139663015412081395
18.860000000001,-0.0028109860151788631535
18.870000000001,-0.0028080104410488384466
18.880000000001,-0.0028050395693712566718
18.890000000001,-0.0028020733903905071677
18.900000000001,-0.0027991118943751816274
18.910000000001,-0.0027961550716180099084
18.920000000001,-0.0027932029124357959829
18.930000000001,-0.0027902554071693540297
18.940000000001,-0.0027873125461834446665
18.950000000001,-0.002784374319866711324
18.960000000001,-0.0027814407186316167609
18.970000000001,-0.0027785117329143797206
18.980000000001,-0.0027755873531749117292
18.990000000001,-0.0027726675698967540351
19.000000000001,-0.0027697523735870146906
19.010000000001,-0.0027668417547763057748
19.020000000001,-0.0027639357040186807587
19.030000000001,-0.0027610342118915720121
19.040000000001,-0.0027581372689957284521
19.050000000001,-0.0027552448659551533344
19.060000000001,-0.0027523569934170421859
19.070000000001,-0.0027494736420517208802
19.080000000001,-0.0027465948025525838542
19.090000000001,-0.0027437204656360324683
19.100000000001,-0.0027408506220414135074
19.110000000001,-0.0027379852625309578253
19.120000000001,-0.0027351243778897191313
19.130000000001,-0.0027322679589255129178
19.140000000001,-0.0027294159964688555324
19.150000000001,-0.0027265684813729033905
19.160000000001,-0.0027237254045133923311
19.170000000001,-0.002720886756788577115
19.180000000001,-0.0027180525291191710651
19.190000000001,-0.0027152227124482858489
19.200000000001,-0.0027123972977413714042
19.210000000001,-0.0027095762759861560057
19.220000000001,-0.0027067596381925864755
19.230000000001,-0.0027039473753927685345
19.240000000001,-0.0027011394786409072974
19.250000000001,-0.0026983359390132479083
19.260000000001,-0.0026955367476080163202
19.270000000001,-0.0026927418955453602157
19.280000000001,-0.0026899513739672900696
19.290000000001,-0.0026871651740376203546
19.300000000001,-0.0026843832869419108878
19.310000000001,-0.0026816057038874083205
19.320000000001,-0.0026788324161029877683
19.330000000001,-0.0026760634148390945847
19.340000000001,-0.0026732986913676862755
19.350000000001,-0.0026705382369821745549
19.360000000001,-0.002667782042997367544
19.370000000001,-0.0026650301007494121101
19.380000000001,-0.0026622824015957363478
19.390000000001,-0.0026595389369149922016
19.400000000001,-0.00265679969810699823
19.410000000001,-0.0026540646765926825101
19.420000000001,-0.0026513338638140256843
19.430000000001,-0.0026486072512340041475
19.440000000001,-0.0026458848303365333756
19.450000000001,-0.0026431665926264113942
19.460000000001,-0.0026404525296292623893
19.470000000001,-0.0026377426328914804572
19.480000000001,-0.0026350368939801734961
19.490000000001,-0.0026323353044831072375
19.500000000001,-0.0026296378560086494186
19.510000000001,-0.0026269445401857140936
19.520000000001,-0.0026242553486637060868
19.530000000001,-0.0026215702731124655844
19.540000000001,-0.0026188893052222128665
19.550000000001,-0.002616212436703493179
19.560000000001,-0.0026135396592871217451
19.570000000001,-0.0026108709647241289157
19.580000000001,-0.0026082063447857054599
19.590000000001,-0.0026055457912631479939
19.600000000001,-0.0026028892959678045497
19.610000000001,-0.0026002368507310202823
19.620000000001,-0.002597588447404083315
19.630000000001,-0.0025949440778581707248
19.640000000001,-0.002592303733984294665
19.650000000001,-0.0025896674076932486262
19.660000000001,-0.0025870350909155538363
19.670000000001,-0.0025844067756014057974
19.680000000001,-0.0025817824537206209612
19.690000000001,-0.0025791621172625835418
19.700000000001,-0.0025765457582361924662
19.710000000001,-0.0025739333686698084616
19.720000000001,-0.0025713249406112012807
19.730000000001,-0.0025687204661274970631
19.740000000001,-0.0025661199373051258343
19.750000000001,-0.0025635233462497691404
19.760000000001,-0.0025609306850863078205
19.770000000001,-0.0025583419459587699142
19.780000000001,-0.0025557571210302787056
19.790000000001,-0.002553176202483000904
19.800000000001,-0.0025505991825180949587
19.810000000001,-0.0025480260533556595112
19.820000000001,-0.0025454568072346819811
19.830000000001,-0.0025428914364129872883
19.840000000001,-0.0025403299331671867098
19.850000000001,-0.002537772289792626871
19.860000000001,-0.0025352184986033388722
19.870000000001,-0.002532668551931987549
19.880000000001,-0.0025301224421298208668
19.890000000001,-0.0025275801615666194498
19.900000000001,-0.0025250417026306462437
19.910000000001,-0.0025225070577285963114
19.920000000001,-0.0025199762192855467624
19.930000000001,-0.0025174491797449068163
19.940000000001,-0.0025149259315683679973
19.950000000001,-0.0025124064672358544633
19.960000000001,-0.0025098907792454734669
19.970000000001,-0.0025073788601134659482
19.980000000001,-0.0025048707023741572603
19.990000000001,-0.002502366298579908027
